date,municipio,confirmados_laboratorial,confirmados_clinico_epidemiologico,confirmados_teste_rapido,total_confirmados,aguardando_validacao_dos_municipios,porcentagem,populacao,coef_incidencia_100k_hab,qtd_dias_ultimo_caso
2020-08-06,FEIRA DE SANTANA,7265,3,1430,8698,123,4.81,614872,1414.60,0
2020-08-06,CONCEICAO DO COITE,626,1,488,1115,37,0.62,66612,1673.87,0
2020-08-06,ITABERABA,314,27,694,1035,32,0.57,64489,1604.92,0
2020-08-06,ARACI,319,0,398,717,7,0.40,54379,1318.52,0
2020-08-06,SERRINHA,299,0,385,684,0,0.38,80861,845.90,0
2020-08-06,SAO GONCALO DOS CAMPOS,114,0,279,393,1,0.22,37550,1046.60,0
2020-08-06,CONCEICAO DO JACUIPE,297,0,49,346,1,0.19,33153,1043.65,0
2020-08-06,SANTO ESTEVAO,235,0,66,301,3,0.17,52850,569.54,0
2020-08-06,QUEIMADAS,80,0,218,298,3,0.16,25439,1171.43,1
2020-08-06,RIACHAO DO JACUIPE,97,0,188,285,7,0.16,33436,852.37,0
2020-08-06,VALENTE,74,0,187,261,1,0.14,28473,916.66,0
2020-08-06,TANQUINHO,23,1,219,243,5,0.13,7918,3068.96,0
2020-08-06,SANTA BARBARA,200,0,38,238,0,0.13,20791,1144.73,0
2020-08-06,SANTALUZ,57,0,170,227,3,0.13,37348,607.80,0
2020-08-06,AMELIA RODRIGUES,168,0,52,220,1,0.12,25102,876.42,3
2020-08-06,IPIRA,189,0,26,215,13,0.12,59595,360.77,1
2020-08-06,TUCANO,86,2,118,206,6,0.11,50687,406.42,0
2020-08-06,TEOFILANDIA,57,0,141,198,1,0.11,22518,879.30,0
2020-08-06,RUY BARBOSA,26,0,160,186,0,0.10,30814,603.62,0
2020-08-06,RETIROLANDIA,111,0,74,185,0,0.10,14396,1285.08,0
2020-08-06,IRAQUARA,15,0,167,182,0,0.10,25216,721.76,4
2020-08-06,SERRA PRETA,73,0,99,172,0,0.10,14878,1156.07,0
2020-08-06,RAFAEL JAMBEIRO,116,1,48,165,1,0.09,22621,729.41,0
2020-08-06,CORACAO DE MARIA,70,2,92,164,0,0.09,22605,725.50,0
2020-08-06,MONTE SANTO,49,0,111,160,0,0.09,49418,323.77,0
2020-08-06,IACU,73,0,64,137,2,0.08,24305,563.67,0
2020-08-06,SOUTO SOARES,9,0,125,134,1,0.07,16979,789.21,1
2020-08-06,TERRA NOVA,78,1,46,125,6,0.07,13033,959.10,1
2020-08-06,CAPELA DO ALTO ALEGRE,83,1,34,118,2,0.07,11637,1014.01,0
2020-08-06,PINTADAS,63,0,54,117,1,0.06,10437,1121.01,1
2020-08-06,CANSANCAO,30,0,79,109,5,0.06,34834,312.91,1
2020-08-06,LENCOIS,9,0,93,102,0,0.06,11409,894.03,0
2020-08-06,EUCLIDES DA CUNHA,42,0,58,100,1,0.06,60585,165.06,0
2020-08-06,SEABRA,51,0,49,100,2,0.06,44091,226.80,0
2020-08-06,IRARA,52,0,48,100,40,0.06,29034,344.42,0
2020-08-06,NORDESTINA,25,1,71,97,2,0.05,13130,738.77,0
2020-08-06,SANTANOPOLI S,65,0,8,73,1,0.04,8943,816.28,1
2020-08-06,BARROCAS,52,0,21,73,3,0.04,15978,456.88,1
2020-08-06,MACAJUBA,19,0,47,66,2,0.04,11348,581.60,0
2020-08-06,ITAETE,3,0,54,57,0,0.03,16056,355.01,13
2020-08-06,IPECAETA,50,0,7,57,2,0.03,14487,393.46,1
2020-08-06,NOVA FATIMA,14,1,40,55,1,0.03,7812,704.05,0
2020-08-06,AGUA FRIA,37,0,17,54,0,0.03,16970,318.21,1
2020-08-06,UTINGA,18,0,35,53,0,0.03,19178,276.36,0
2020-08-06,LAMARAO,34,0,19,53,0,0.03,8307,638.02,0
2020-08-06,PE DE SERRA,6,0,45,51,1,0.03,13578,375.61,2
2020-08-06,ANGUERA,45,0,2,47,1,0.03,11221,418.86,1
2020-08-06,ANTONIO CARDOSO,30,0,10,40,0,0.02,11683,342.38,0
2020-08-06,CANDEAL,32,0,8,40,0,0.02,8258,484.38,1
2020-08-06,TEODORO SAMPAIO,23,0,16,39,1,0.02,7425,525.25,1
2020-08-06,MUCUGE,9,3,25,37,1,0.02,9062,408.30,0
2020-08-06,QUIJINGUE,12,0,22,34,0,0.02,27580,123.28,4
2020-08-06,MARCIONILIO SOUZA,27,0,4,31,1,0.02,10406,297.91,0
2020-08-06,MUNDO NOVO,13,0,18,31,0,0.02,26776,115.78,0
2020-08-06,BIRITINGA,22,0,9,31,0,0.02,15979,194.00,0
2020-08-06,BONITO,14,0,10,24,0,0.01,16764,143.16,2
2020-08-06,BOA VISTA DO TUPIM,4,0,19,23,1,0.01,18576,123.82,7
2020-08-06,ANDARAI,8,1,13,22,0,0.01,13143,167.39,0
2020-08-06,NOVA REDENCAO,2,0,15,17,0,0.01,9118,186.44,1
2020-08-06,PALMEIRAS,1,0,15,16,0,0.01,9019,177.40,11
2020-08-06,PIATA,4,0,10,14,0,0.01,17123,81.76,8
2020-08-06,SAO DOMINGOS,10,0,4,14,0,0.01,9058,154.56,51
2020-08-06,BAIXA GRANDE,8,0,4,12,0,0.01,20468,58.63,5
2020-08-06,IBITIARA,3,0,7,10,0,0.01,16339,61.20,9
2020-08-06,ABAIRA,3,2,4,9,1,0.00,8739,102.99,3
2020-08-06,BONINAL,0,0,7,7,0,0.00,14368,48.72,1
2020-08-06,LAJEDINHO,0,0,7,7,0,0.00,3783,185.04,0
2020-08-06,ICHU,2,0,2,4,0,0.00,6206,64.45,25
2020-08-06,WAGNER,0,0,3,3,0,0.00,9345,32.10,7
2020-08-06,IBIQUERA,1,0,0,1,0,0.00,4044,24.73,14
2020-08-06,GAVIAO,0,0,1,1,0,0.00,4463,22.41,3
2020-08-06,TOTAL,12046,47,7146,19239,323,11
2020-08-06,IRECE,267,1,315,583,19,0.32,72967,798.99,0
2020-08-06,CAPIM GROSSO,148,0,357,505,31,0.28,30662,1646.99,0
2020-08-06,JACOBINA,68,0,281,349,4,0.19,80518,433.44,0
2020-08-06,JOAO DOURADO,14,0,163,177,0,0.10,25188,702.72,0
2020-08-06,GENTIO DO OURO,5,0,161,166,1,0.09,11233,1477.79,7
2020-08-06,UMBURANAS,12,2,122,136,10,0.08,19222,707.52,0
2020-08-06,VARZEA DA ROCA,41,0,88,129,7,0.07,14104,914.63,0
2020-08-06,CAFARNAUM,3,0,118,121,1,0.07,18437,656.29,1
2020-08-06,MAIRI,57,0,62,119,1,0.07,18676,637.18,0
2020-08-06,OUROLANDIA,8,1,106,115,3,0.06,17451,658.99,0
2020-08-06,LAPAO,51,1,54,106,1,0.06,27223,389.38,1
2020-08-06,CALDEIRAO GRANDE,5,0,99,104,3,0.06,13327,780.37,0
2020-08-06,AMERICA DOURADA,6,0,84,90,0,0.05,16094,559.21,8
2020-08-06,PRESIDENTE DUTRA,22,0,63,85,0,0.05,15142,561.35,1
2020-08-06,SERROLANDIA,10,2,64,76,15,0.04,13397,567.29,0
2020-08-06,CANARANA,21,0,49,70,0,0.04,26176,267.42,0
2020-08-06,XIQUE-XIQUE,21,0,46,67,1,0.04,46483,144.14,0
2020-08-06,TAPIRAMUTA,23,1,40,64,5,0.04,17010,376.25,0
2020-08-06,VARZEA NOVA,14,0,48,62,0,0.03,12697,488.30,0
2020-08-06,MIGUEL CALMON,14,0,42,56,2,0.03,26023,215.19,1
2020-08-06,SAO GABRIEL,4,0,48,52,6,0.03,18793,276.70,1
2020-08-06,MORRO DO CHAPEU,17,0,33,50,3,0.03,35413,141.19,0
2020-08-06,CAEM,7,0,42,49,0,0.03,9213,531.86,34
2020-08-06,QUIXABEIRA,26,0,20,46,0,0.03,8972,512.71,0
2020-08-06,SAO JOSE DO JACUIPE,4,0,40,44,1,0.02,10462,420.57,0
2020-08-06,MIRANGABA,16,0,12,28,3,0.02,18338,152.69,0
2020-08-06,JUSSARA,8,0,19,27,1,0.01,15284,176.66,1
2020-08-06,PIRITIBA,13,0,14,27,0,0.01,24755,109.07,0
2020-08-06,IBITITA,20,0,3,23,0,0.01,17113,134.40,0
2020-08-06,CENTRAL,7,0,9,16,1,0.01,17266,92.67,0
2020-08-06,MULUNGU DO MORRO,4,0,9,13,0,0.01,10889,119.39,18
2020-08-06,ITAGUACU DA BAHIA,1,1,10,12,0,0.01,14429,83.17,0
2020-08-06,SAUDE,1,0,11,12,0,0.01,12913,92.93,5
2020-08-06,IBIPEBA,4,0,7,11,0,0.01,18211,60.40,1
2020-08-06,BARRO ALTO,5,0,4,9,0,0.00,14931,60.28,13
2020-08-06,VARZEA DO POCO,7,0,1,8,0,0.00,9170,87.24,1
2020-08-06,UIBAI,2,0,6,8,4,0.00,13887,57.61,4
2020-08-06,BARRA DO MENDES,4,0,3,7,0,0.00,13865,50.49,0
2020-08-06,TOTAL,960,9,2653,3622,123,2
2020-08-06,TEIXEIRA DE FREITAS,520,17,1780,2317,17,1.28,160487,1443.73,0
2020-08-06,EUNAPOLIS,612,119,1338,2069,14,1.14,113380,1824.84,0
2020-08-06,PORTO SEGURO,527,23,1343,1893,26,1.05,148686,1273.15,0
2020-08-06,ITAMARAJU,197,90,1105,1392,39,0.77,64486,2158.61,0
2020-08-06,MEDEIROS NETO,55,184,406,645,12,0.36,22688,2842.91,0
2020-08-06,ITABELA,158,98,205,461,19,0.25,30584,1507.32,0
2020-08-06,MUCURI,116,26,256,398,1,0.22,41748,953.34,0
2020-08-06,SANTA CRUZ CABRALIA,184,0,195,379,8,0.21,27778,1364.39,0
2020-08-06,NOVA VICOSA,144,10,166,320,2,0.18,43376,737.74,0
2020-08-06,PRADO,68,10,218,296,0,0.16,28174,1050.61,0
2020-08-06,ALCOBACA,29,97,165,291,6,0.16,22470,1295.06,0
2020-08-06,BELMONTE,82,0,186,268,12,0.15,23328,1148.83,0
2020-08-06,GUARATINGA,104,3,121,228,1,0.13,20843,1093.89,0
2020-08-06,ITANHEM,27,37,131,195,0,0.11,19405,1004.90,2
2020-08-06,CARAVELAS,69,17,79,165,1,0.09,22016,749.45,0
2020-08-06,ITAPEBI,114,0,14,128,0,0.07,10259,1247.68,0
2020-08-06,VEREDA,48,0,38,86,0,0.05,6205,1385.98,1
2020-08-06,IBIRAPUA,21,0,52,73,0,0.04,8637,845.20,0
2020-08-06,JUCURUCU,10,0,60,70,0,0.04,9126,767.04,1
2020-08-06,ITAGIMIRIM,48,0,13,61,0,0.03,6869,888.05,0
2020-08-06,LAJEDAO,18,9,4,31,0,0.02,3955,783.82,2
2020-08-06,TOTAL,3151,740,7875,11766,158,7
2020-08-06,SALVADOR,44203,738,15617,60558,50,33.49,2872347,2108.31,0
2020-08-06,LAURO DE FREITAS,2445,10,2183,4638,28,2.56,198440,2337.23,0
2020-08-06,CAMACARI,2172,145,2063,4380,48,2.42,299132,1464.24,0
2020-08-06,CANDEIAS,640,123,874,1637,12,0.91,87076,1879.97,0
2020-08-06,SIMOES FILHO,681,1,888,1570,14,0.87,134377,1168.35,0
2020-08-06,SANTO ANTONIO DE JESUS,921,5,553,1479,14,0.82,101512,1456.97,0
2020-08-06,DIAS DAVILA,609,53,351,1013,5,0.56,81089,1249.24,0
2020-08-06,SAO SEBASTIAO DO PASSE,149,0,543,692,15,0.38,44300,1562.08,0
2020-08-06,SAO FRANCISCO DO CONDE,199,2,433,634,4,0.35,39802,1592.88,0
2020-08-06,SANTO AMARO,539,6,80,625,1,0.35,60069,1040.47,0
2020-08-06,PRESIDENTE TANCREDO NEVES,71,11,521,603,16,0.33,27719,2175.40,0
2020-08-06,MADRE DE DEUS,343,2,243,588,16,0.33,21093,2787.65,0
2020-08-06,POJUCA,300,1,236,537,4,0.30,39519,1358.84,0
2020-08-06,MATA DE SAO JOAO,377,12,44,433,0,0.24,46583,929.52,0
2020-08-06,CRUZ DAS ALMAS,318,0,104,422,10,0.23,63239,667.31,0
2020-08-06,CONCEICAO DA FEIRA,177,1,235,413,4,0.23,22581,1828.97,0
2020-08-06,MARAGOGIPE,225,0,143,368,11,0.20,44677,823.69,0
2020-08-06,CACHOEIRA,281,0,33,314,5,0.17,33470,938.15,1
2020-08-06,CONCEICAO DO ALMEIDA,132,0,164,296,12,0.16,17247,1716.24,0
2020-08-06,NAZARE,172,1,109,282,2,0.16,28525,988.61,0
2020-08-06,ITAPARICA,107,0,163,270,3,0.15,22228,1214.68,0
2020-08-06,VERA CRUZ,194,0,59,253,4,0.14,43223,585.34,0
2020-08-06,CASTRO ALVES,32,31,155,218,3,0.12,26264,830.03,0
2020-08-06,AMARGOSA,139,8,69,216,2,0.12,37241,580.01,0
2020-08-06,SAO FELIPE,58,0,151,209,0,0.12,21074,991.74,0
2020-08-06,SAPEACU,98,0,100,198,1,0.11,17398,1138.06,0
2020-08-06,SALINAS DA MARGARIDA,58,0,117,175,1,0.10,15667,1117.00,0
2020-08-06,MURITIBA,127,0,41,168,0,0.09,29399,571.45,2
2020-08-06,CONDE,117,0,48,165,0,0.09,25837,638.62,0
2020-08-06,JAGUARIPE,42,0,121,163,4,0.09,18788,867.58,0
2020-08-06,SAO FELIX,40,0,90,130,0,0.07,14740,881.95,1
2020-08-06,LAJE,37,4,76,117,1,0.06,23840,490.77,0
2020-08-06,MUTUIPE,37,4,59,100,3,0.06,22221,450.02,0
2020-08-06,GOVERNADOR MANGABEIRA,62,0,32,94,0,0.05,20722,453.62,2
2020-08-06,MILAGRES,27,0,52,79,1,0.04,10950,721.46,0
2020-08-06,ITATIM,39,5,33,77,0,0.04,14487,531.51,0
2020-08-06,MUNIZ FERREIRA,20,0,48,68,6,0.04,7422,916.20,0
2020-08-06,VARZEDO,39,6,8,53,1,0.03,8838,599.68,1
2020-08-06,ELISIO MEDRADO,39,3,5,47,0,0.03,8122,578.68,0
2020-08-06,ARATUIPE,25,0,20,45,1,0.02,8825,509.92,0
2020-08-06,CABACEIRAS DO PARAGUACU,31,1,13,45,0,0.02,18807,239.27,0
2020-08-06,SAUBARA,29,0,13,42,1,0.02,12043,348.75,12
2020-08-06,DOM MACEDO COSTA,15,0,21,36,2,0.02,4058,887.14,2
2020-08-06,SANTA TERESINHA,9,2,24,35,0,0.02,10405,336.38,0
2020-08-06,SAO MIGUEL DAS MATAS,20,1,12,33,0,0.02,11675,282.66,3
2020-08-06,JIQUIRICA,21,0,3,24,0,0.01,14537,165.10,1
2020-08-06,UBAIRA,16,0,8,24,0,0.01,19895,120.63,3
2020-08-06,NOVA ITARANA,4,0,13,17,0,0.01,8226,206.66,13
2020-08-06,TOTAL,56436,1176,26971,84583,305,47
2020-08-06,ALAGOINHAS,905,5,1436,2346,50,1.30,151596,1547.53,0
2020-08-06,CATU,458,0,491,949,4,0.52,54704,1734.79,0
2020-08-06,RIBEIRA DO POMBAL,396,5,41,442,1,0.24,53807,821.45,0
2020-08-06,ITAPICURU,27,0,386,413,20,0.23,35576,1160.89,0
2020-08-06,NOVA SOURE,18,1,241,260,0,0.14,26947,964.86,0
2020-08-06,RIO REAL,97,0,161,258,5,0.14,40732,633.41,0
2020-08-06,ENTRE RIOS,64,21,118,203,3,0.11,41780,485.88,0
2020-08-06,ESPLANADA,37,13,137,187,3,0.10,37237,502.19,0
2020-08-06,JANDAIRA,25,1,160,186,3,0.10,10709,1736.86,0
2020-08-06,CICERO DANTAS,21,0,126,147,0,0.08,32515,452.10,0
2020-08-06,INHAMBUPE,54,0,82,136,10,0.08,39926,340.63,0
2020-08-06,CORONEL JOAO SA,7,0,124,131,0,0.07,15895,824.16,0
2020-08-06,CRISOPOLIS,34,3,78,115,6,0.06,21103,544.95,0
2020-08-06,CIPO,12,0,101,113,0,0.06,17300,653.18,0
2020-08-06,PARIPIRANGA,40,0,70,110,1,0.06,28989,379.45,0
2020-08-06,OLINDINA,8,0,99,107,0,0.06,28229,379.04,1
2020-08-06,ARAMARI,54,0,30,84,1,0.05,11397,737.04,0
2020-08-06,ANTAS,19,0,65,84,1,0.05,19291,435.44,0
2020-08-06,NOVO TRIUNFO,8,0,74,82,9,0.05,15440,531.09,0
2020-08-06,SITIO DO QUINTO,22,0,57,79,1,0.04,9986,791.11,1
2020-08-06,BANZAE,56,0,23,79,26,0.04,13229,597.17,0
2020-08-06,APORA,19,5,51,75,1,0.04,17731,422.99,1
2020-08-06,RIBEIRA DO AMPARO,5,0,67,72,1,0.04,14592,493.42,0
2020-08-06,ACAJUTIBA,13,5,54,72,0,0.04,15159,474.97,2
2020-08-06,FATIMA,27,0,34,61,0,0.03,17890,340.97,1
2020-08-06,ADUSTINA,14,0,46,60,0,0.03,17040,352.11,0
2020-08-06,ARACAS,32,0,12,44,6,0.02,12177,361.34,0
2020-08-06,HELIOPOLIS,12,0,24,36,1,0.02,13031,276.26,0
2020-08-06,SATIRO DIAS,24,0,9,33,0,0.02,17273,191.05,1
2020-08-06,OURICANGAS,22,0,7,29,0,0.02,8564,338.63,0
2020-08-06,CARDEAL DA SILVA,14,0,5,19,0,0.01,9295,204.41,2
2020-08-06,PEDRAO,1,0,16,17,1,0.01,7347,231.39,0
2020-08-06,ITANAGRA,6,0,9,15,0,0.01,6441,232.88,7
2020-08-06,TOTAL,2551,59,4434,7044,154,4
2020-08-06,JUAZEIRO,596,1,2565,3162,31,1.75,216707,1459.11,0
2020-08-06,CAMPO FORMOSO,119,0,586,705,18,0.39,71206,990.09,0
2020-08-06,PINDOBACU,81,0,431,512,44,0.28,20150,2540.94,0
2020-08-06,PAULO AFONSO,282,1,180,463,6,0.26,117782,393.10,0
2020-08-06,SOBRADINHO,36,0,315,351,4,0.19,23191,1513.52,0
2020-08-06,SENHOR DO BONFIM,117,0,216,333,8,0.18,79015,421.44,0
2020-08-06,FILADELFIA,54,0,249,303,1,0.17,16377,1850.16,0
2020-08-06,UAUA,67,2,221,290,0,0.16,24240,1196.37,0
2020-08-06,CASA NOVA,22,0,256,278,2,0.15,71969,386.28,1
2020-08-06,JAGUARARI,24,0,237,261,10,0.14,33570,777.48,0
2020-08-06,SENTO SE,20,0,226,246,1,0.14,40684,604.66,0
2020-08-06,CURACA,35,0,157,192,0,0.11,34700,553.31,0
2020-08-06,JEREMOABO,16,0,133,149,2,0.08,40463,368.24,0
2020-08-06,ANTONIO GONCALVES,38,0,82,120,2,0.07,11798,1017.12,0
2020-08-06,MACURURE,9,6,86,101,0,0.06,7824,1290.90,6
2020-08-06,PONTO NOVO,69,0,25,94,0,0.05,14914,630.28,1
2020-08-06,CANUDOS,6,0,79,85,0,0.05,16668,509.96,0
2020-08-06,REMANSO,31,0,52,83,1,0.05,41008,202.40,0
2020-08-06,CAMPO ALEGRE DE LOURDES,18,0,63,81,0,0.04,28798,281.27,0
2020-08-06,PILAO ARCADO,21,0,54,75,0,0.04,35048,213.99,0
2020-08-06,SANTA BRIGIDA,14,0,49,63,1,0.03,14213,443.26,0
2020-08-06,GLORIA,20,0,28,48,1,0.03,15221,315.35,1
2020-08-06,ABARE,6,0,34,40,0,0.02,20086,199.14,0
2020-08-06,ITIUBA,16,1,20,37,0,0.02,36089,102.52,6
2020-08-06,ANDORINHA,14,0,20,34,1,0.02,14595,232.96,0
2020-08-06,PEDRO ALEXANDRE,5,0,27,32,1,0.02,16667,192.00,0
2020-08-06,RODELAS,6,0,6,12,0,0.01,9331,128.60,18
2020-08-06,CHORROCHO,3,0,6,9,1,0.00,11177,80.52,10
2020-08-06,TOTAL,1745,11,6403,8159,135,5
2020-08-06,BARREIRAS,1070,3,876,1949,38,1.08,155439,1253.87,0
2020-08-06,LUIS EDUARDO MAGALHAES,564,2,671,1237,30,0.68,87519,1413.41,0
2020-08-06,SAO DESIDERIO,41,0,156,197,18,0.11,33742,583.84,0
2020-08-06,IBOTIRAMA,51,0,125,176,0,0.10,26927,653.62,0
2020-08-06,BOM JESUS DA LAPA,30,0,131,161,3,0.09,69148,232.83,0
2020-08-06,CORRENTINA,15,2,119,136,0,0.08,32137,423.19,0
2020-08-06,RIACHAO DAS NEVES,48,1,53,102,2,0.06,22339,456.60,0
2020-08-06,BARRA,18,0,80,98,10,0.05,53578,182.91,0
2020-08-06,BURITIRAMA,26,0,70,96,7,0.05,21174,453.39,0
2020-08-06,SANTA RITA DE CASSIA,13,0,58,71,3,0.04,28338,250.55,0
2020-08-06,CORIBE,40,1,24,65,1,0.04,14194,457.94,0
2020-08-06,SANTA MARIA DA VITORIA,24,0,38,62,8,0.03,39845,155.60,0
2020-08-06,SAO FELIX DO CORIBE,17,6,33,56,4,0.03,15391,363.85,0
2020-08-06,MUQUEM DE SAO FRANCISCO,32,1,23,56,0,0.03,11348,493.48,1
2020-08-06,CRISTOPOLIS,20,1,33,54,2,0.03,13910,388.21,0
2020-08-06,OLIVEIRA DOS BREJINHOS,17,0,33,50,0,0.03,21825,229.10,0
2020-08-06,MANSIDAO,3,0,46,49,1,0.03,13643,359.16,0
2020-08-06,BAIANOPOLIS,6,0,41,47,4,0.03,13877,338.69,0
2020-08-06,COCOS,22,0,20,42,1,0.02,18777,223.68,1
2020-08-06,FORMOSA DO RIO PRETO,14,0,23,37,2,0.02,25591,144.58,0
2020-08-06,ANGICAL,13,2,18,33,3,0.02,13977,236.10,0
2020-08-06,MORPARA,11,0,20,31,0,0.02,8519,363.89,1
2020-08-06,PARATINGA,5,0,21,26,0,0.01,32000,81.25,4
2020-08-06,JABORANDI,7,0,18,25,0,0.01,8385,298.15,0
2020-08-06,FEIRA DA MATA,18,1,0,19,0,0.01,5665,335.39,1
2020-08-06,COTEGIPE,6,0,10,16,0,0.01,13782,116.09,5
2020-08-06,WANDERLEY,11,0,4,15,8,0.01,12238,122.57,0
2020-08-06,CATOLANDIA,8,0,3,11,0,0.01,3577,307.52,0
2020-08-06,SERRA DO RAMALHO,7,0,1,8,0,0.00,31472,25.42,30
2020-08-06,SERRA DOURADA,4,0,3,7,0,0.00,17386,40.26,0
2020-08-06,TABOCAS DO BREJO VELHO,0,0,5,5,0,0.00,12518,39.94,40
2020-08-06,SANTANA,2,0,0,2,0,0.00,26614,7.51,23
2020-08-06,SITIO DO MATO,0,0,1,1,0,0.00,13012,7.69,1
2020-08-06,TOTAL,2163,20,2757,4940,145,3
2020-08-06,VITORIA DA CONQUISTA,1074,6,1805,2885,20,1.60,338480,852.34,0
2020-08-06,ITAPETINGA,351,2,447,800,29,0.44,76147,1050.60,0
2020-08-06,BRUMADO,308,10,242,560,2,0.31,67195,833.40,0
2020-08-06,POCOES,39,0,503,542,5,0.30,46871,1156.37,0
2020-08-06,IGUAI,52,25,282,359,1,0.20,26916,1333.78,0
2020-08-06,BARRA DO CHOCA,100,0,180,280,2,0.15,31603,885.99,0
2020-08-06,CANDIDO SALES,15,1,239,255,6,0.14,25189,1012.35,0
2020-08-06,GUANAMBI,100,0,95,195,1,0.11,84481,230.82,0
2020-08-06,IBICUI,32,0,162,194,22,0.11,16198,1197.68,0
2020-08-06,ITORORO,65,0,121,186,12,0.10,20382,912.57,0
2020-08-06,URANDI,11,0,174,185,0,0.10,16658,1110.58,0
2020-08-06,PLANALTO,10,0,154,164,0,0.09,26265,624.41,0
2020-08-06,MACARANI,93,1,59,153,5,0.08,18755,815.78,0
2020-08-06,PRESIDENTE JANIO QUADROS,15,0,135,150,2,0.08,12338,1215.76,0
2020-08-06,ITARANTIM,18,0,109,127,0,0.07,19747,643.14,0
2020-08-06,CAATIBA,20,0,106,126,4,0.07,6758,1864.46,0
2020-08-06,NOVA CANAA,18,0,98,116,0,0.06,16462,704.65,5
2020-08-06,POTIRAGUA,9,0,104,113,10,0.06,7224,1564.23,0
2020-08-06,ENCRUZILHAD A,8,1,92,101,0,0.06,17006,593.91,1
2020-08-06,ITAMBE,39,0,45,84,0,0.05,23049,364.44,0
2020-08-06,CAETITE,23,0,60,83,0,0.05,50975,162.82,0
2020-08-06,ANAGE,9,1,59,69,0,0.04,22005,313.57,1
2020-08-06,BOM JESUS DA SERRA,2,0,61,63,4,0.03,9880,637.65,5
2020-08-06,TREMEDAL,8,0,53,61,1,0.03,16394,372.09,0
2020-08-06,PIRIPA,15,0,41,56,0,0.03,10707,523.02,0
2020-08-06,CARINHANHA,18,0,36,54,1,0.03,29018,186.09,0
2020-08-06,RIACHO DE SANTANA,10,0,41,51,0,0.03,35421,143.98,7
2020-08-06,MAIQUINIQUE,5,1,35,41,2,0.02,10112,405.46,0
2020-08-06,PALMAS DE MONTE ALTO,17,0,23,40,2,0.02,21750,183.91,1
2020-08-06,LIVRAMENTO DE NOSSA SENHORA,18,0,18,36,0,0.02,45732,78.72,0
2020-08-06,CONDEUBA,21,0,12,33,0,0.02,17247,191.34,5
2020-08-06,FIRMINO ALVES,10,0,21,31,0,0.02,5617,551.90,10
2020-08-06,MAETINGA,8,0,21,29,0,0.02,3161,917.43,0
2020-08-06,RIO DE CONTAS,21,0,7,28,0,0.02,12989,215.57,1
2020-08-06,MACAUBAS,7,0,18,25,2,0.01,49826,50.17,1
2020-08-06,CONTENDAS DO SINCORA,0,0,25,25,2,0.01,4066,614.85,1
2020-08-06,MIRANTE,8,0,16,24,6,0.01,8641,277.75,1
2020-08-06,MALHADA,3,0,21,24,0,0.01,16845,142.48,0
2020-08-06,ARACATU,9,0,14,23,0,0.01,13135,175.10,8
2020-08-06,PARAMIRIM,6,0,17,23,0,0.01,21607,106.45,1
2020-08-06,CORDEIROS,8,0,13,21,0,0.01,8614,243.79,1
2020-08-06,LICINIO DE ALMEIDA,5,0,15,20,0,0.01,12388,161.45,1
2020-08-06,CANDIBA,6,0,14,20,0,0.01,14319,139.67,6
2020-08-06,BOQUIRA,12,0,8,20,0,0.01,21508,92.99,4
2020-08-06,DOM BASILIO,9,0,10,19,0,0.01,12199,155.75,0
2020-08-06,RIO DO PIRES,3,0,15,18,0,0.01,11655,154.44,6
2020-08-06,IUIU,5,0,12,17,0,0.01,10994,154.63,1
2020-08-06,PINDAI,1,0,16,17,0,0.01,16260,104.55,37
2020-08-06,CAETANOS,8,0,7,15,0,0.01,14542,103.15,0
2020-08-06,CACULE,8,0,7,15,0,0.01,23170,64.74,0
2020-08-06,IGAPORA,11,0,3,14,0,0.01,15640,89.51,2
2020-08-06,RIO DO ANTONIO,6,0,7,13,0,0.01,15371,84.57,5
2020-08-06,IBIASSUCE,10,0,3,13,0,0.01,9224,140.94,13
2020-08-06,MORTUGABA,3,0,10,13,0,0.01,12042,107.96,6
2020-08-06,RIBEIRAO DO LARGO,3,0,9,12,0,0.01,5812,206.47,11
2020-08-06,IBICOARA,1,0,10,11,0,0.01,19571,56.21,13
2020-08-06,CARAIBAS,6,0,2,8,0,0.00,8951,89.38,0
2020-08-06,IBIPITANGA,0,0,8,8,0,0.00,14902,53.68,21
2020-08-06,ITUACU,4,0,3,7,0,0.00,18962,36.92,1
2020-08-06,BARRA DA ESTIVA,2,0,5,7,0,0.00,20598,33.98,14
2020-08-06,SEBASTIAO LARANJEIRAS,3,0,3,6,0,0.00,11434,52.48,7
2020-08-06,BELO CAMPO,2,0,3,5,0,0.00,17211,29.05,1
2020-08-06,MALHADA DE PEDRAS,5,0,0,5,0,0.00,8393,59.57,3
2020-08-06,JUSSIAPE,4,0,1,5,0,0.00,6186,80.83,2
2020-08-06,GUAJERU,2,0,2,4,0,0.00,6937,57.66,4
2020-08-06,BOTUPORA,2,0,1,3,0,0.00,10211,29.38,15
2020-08-06,TANHACU,3,0,0,3,0,0.00,20403,14.70,13
2020-08-06,MATINA,2,0,1,3,0,0.00,12201,24.59,10
2020-08-06,JACARACI,3,0,0,3,0,0.00,14842,20.21,40
2020-08-06,LAGOA REAL,1,0,1,2,0,0.00,15665,12.77,5
2020-08-06,CATURAMA,0,0,1,1,0,0.00,9329,10.72,22
2020-08-06,TANQUE NOVO,0,0,0,0,1,0.00,17366,0.00,0
2020-08-06,TOTAL,2733,48,5941,8722,142,5
2020-08-06,ITABUNA,3087,66,3122,6275,85,3.47,213223,2942.93,0
2020-08-06,JEQUIE,1509,9,2187,3705,14,2.05,155966,2375.52,0
2020-08-06,ILHEUS,2701,20,641,3362,32,1.86,162327,2071.13,0
2020-08-06,IPIAU,416,2,1111,1529,5,0.85,45873,3333.12,0
2020-08-06,VALENCA,437,6,772,1215,17,0.67,96562,1258.26,0
2020-08-06,GANDU,493,1,688,1182,5,0.65,32403,3647.81,1
2020-08-06,JAGUAQUARA,153,0,976,1129,19,0.62,54423,2074.49,0
2020-08-06,CAMACAN,146,65,774,985,3,0.54,31988,3079.28,0
2020-08-06,ITAJUIPE,274,3,460,737,2,0.41,20491,3596.70,0
2020-08-06,UBATA,383,1,327,711,8,0.39,27035,2629.92,0
2020-08-06,CAMAMU,141,1,556,698,4,0.39,35316,1976.44,0
2020-08-06,WENCESLAU GUIMARAES,103,9,473,585,5,0.32,21101,2772.38,0
2020-08-06,IBIRATAIA,153,1,280,434,11,0.24,15312,2834.38,0
2020-08-06,DARIO MEIRA,18,0,411,429,2,0.24,10710,4005.60,0
2020-08-06,URUCUCA,193,1,217,411,6,0.23,20519,2003.02,0
2020-08-06,ITUBERA,61,1,344,406,9,0.22,28602,1419.48,0
2020-08-06,TAPEROA,112,43,198,353,0,0.20,21074,1675.05,0
2020-08-06,IBICARAI,200,16,136,352,5,0.19,21689,1622.94,0
2020-08-06,AURELINO LEAL,163,8,146,317,3,0.18,11531,2749.11,0
2020-08-06,PIRAI DO NORTE,106,6,188,300,2,0.17,10023,2993.12,0
2020-08-06,IBIRAPITANGA,143,0,149,292,23,0.16,23375,1249.20,0
2020-08-06,ITAPE,137,29,125,291,2,0.16,8761,3321.54,0
2020-08-06,BUERAREMA,212,1,75,288,1,0.16,18349,1569.57,0
2020-08-06,MARACAS,41,2,226,269,0,0.15,20834,1291.16,0
2020-08-06,ITACARE,247,1,15,263,0,0.15,28296,929.46,0
2020-08-06,UBAITABA,87,4,143,234,1,0.13,19056,1227.96,0
2020-08-06,ALMADINA,43,6,178,227,0,0.13,5464,4154.47,0
2020-08-06,MARAU,48,61,115,224,4,0.12,20570,1088.96,0
2020-08-06,ITAGIBA,73,0,134,207,1,0.11,14579,1419.85,0
2020-08-06,COARACI,92,10,95,197,0,0.11,16993,1159.30,0
2020-08-06,NILO PECANHA,85,10,100,195,5,0.11,13997,1393.16,0
2020-08-06,FLORESTA AZUL,104,15,70,189,1,0.10,10629,1778.15,0
2020-08-06,APUAREMA,25,0,164,189,0,0.10,7330,2578.44,3
2020-08-06,TEOLANDIA,42,1,139,182,0,0.10,14943,1217.96,0
2020-08-06,JITAUNA,34,0,139,173,4,0.10,11166,1549.35,0
2020-08-06,MANOEL VITORINO,37,0,134,171,1,0.09,13240,1291.54,0
2020-08-06,BARRO PRETO,90,8,72,170,0,0.09,5591,3040.60,0
2020-08-06,NOVA IBIA,53,0,116,169,0,0.09,6591,2564.10,0
2020-08-06,IGRAPIUNA,38,8,120,166,1,0.09,13226,1255.10,0
2020-08-06,UNA,157,0,4,161,0,0.09,19002,847.28,1
2020-08-06,SANTA LUZIA,109,0,48,157,1,0.09,12597,1246.33,0
2020-08-06,CAIRU,49,3,84,136,0,0.08,18176,748.24,0
2020-08-06,ITAMARI,10,0,112,122,0,0.07,8035,1518.36,0
2020-08-06,SAO JOSE DA VITORIA,40,14,68,122,6,0.07,5657,2156.62,0
2020-08-06,AIQUARA,54,0,64,118,0,0.07,4446,2654.07,1
2020-08-06,CANAVIEIRAS,86,0,27,113,1,0.06,31099,363.36,0
2020-08-06,ARATACA,59,0,49,108,0,0.06,11019,980.13,0
2020-08-06,ITAGI,37,0,57,94,0,0.05,12351,761.07,0
2020-08-06,PAU BRASIL,56,0,31,87,0,0.05,9831,884.96,1
2020-08-06,ITAPITANGA,23,0,48,71,0,0.04,10313,688.45,0
2020-08-06,MASCOTE,37,1,30,68,1,0.04,13822,491.97,0
2020-08-06,JUSSARI,20,12,29,61,0,0.03,5833,1045.77,0
2020-08-06,ITAJU DO COLONIA,30,0,26,56,0,0.03,6682,838.07,1
2020-08-06,BOA NOVA,8,0,38,46,0,0.03,12633,364.13,0
2020-08-06,ITIRUCU,27,0,14,41,0,0.02,12576,326.02,0
2020-08-06,SANTA INES,10,0,29,39,1,0.02,10631,366.85,5
2020-08-06,GONGOGI,16,3,17,36,1,0.02,7128,505.05,0
2020-08-06,LAJEDO DO TABOCAL,15,3,17,35,0,0.02,8562,408.78,0
2020-08-06,LAFAIETE COUTINHO,9,0,25,34,0,0.02,3724,913.00,3
2020-08-06,BARRA DO ROCHA,16,0,18,34,0,0.02,5714,595.03,0
2020-08-06,IRAJUBA,2,0,27,29,1,0.02,7260,399.45,1
2020-08-06,BREJOES,5,0,17,22,0,0.01,14295,153.90,5
2020-08-06,ITAQUARA,11,0,11,22,4,0.01,8319,264.45,0
2020-08-06,SANTA CRUZ DA VITORIA,8,0,11,19,0,0.01,6315,300.87,4
2020-08-06,CRAVOLANDIA,4,0,5,9,0,0.00,5349,168.26,1
2020-08-06,IRAMAIA,4,0,5,9,0,0.00,8537,105.42,15
2020-08-06,PLANALTINO,1,0,2,3,0,0.00,9322,32.18,8
2020-08-06,TOTAL LPI/OUTROS ESTADOS,13383,451,17229,31063,297,17
2020-08-06,TOTAL,679,13,1017,1709,1061,1
