date,municipio,confirmados_laboratorial,confirmados_clinico_epidemiologico,confirmados_teste_rapido,total_confirmados,aguardando_validacao_dos_municipios,porcentagem,populacao,coef_incidencia_100k_hab,qtd_dias_ultimo_caso,total_ativos,total_obitos_munres,total_obitos_munocor
2020-08-01,FEIRA DE SANTANA,6749,3,1324,8076,71,4.85,614872.0,1313.44,0.0,581.0,95.0,89.0
2020-08-01,CONCEICAO DO COITE,555,1,445,1001,23,0.6,66612.0,1502.73,0.0,87.0,5.0,3.0
2020-08-01,ITABERABA,257,27,641,925,0,0.56,64489.0,1434.35,0.0,141.0,19.0,13.0
2020-08-01,ARACI,279,0,387,666,12,0.4,54379.0,1224.74,0.0,54.0,4.0,1.0
2020-08-01,SERRINHA,279,0,346,625,22,0.38,80861.0,772.93,0.0,21.0,7.0,2.0
2020-08-01,SAO GONCALO DOS CAMPOS,92,0,277,369,2,0.22,37550.0,982.69,0.0,27.0,3.0,3.0
2020-08-01,CONCEICAO DO JACUIPE,269,0,48,317,0,0.19,33153.0,956.17,0.0,30.0,1.0,1.0
2020-08-01,QUEIMADAS,78,0,208,286,4,0.17,25439.0,1124.26,0.0,10.0,2.0,0.0
2020-08-01,RIACHAO DO JACUIPE,80,0,181,261,0,0.16,33436.0,780.6,0.0,9.0,3.0,1.0
2020-08-01,VALENTE,63,0,185,248,0,0.15,28473.0,871.0,0.0,11.0,4.0,0.0
2020-08-01,SANTO ESTEVAO,187,0,57,244,4,0.15,52850.0,461.68,0.0,33.0,3.0,0.0
2020-08-01,SANTA BARBARA,196,0,38,234,2,0.14,20791.0,1125.49,1.0,4.0,2.0,0.0
2020-08-01,AMELIA RODRIGUES,162,0,52,214,0,0.13,25102.0,852.52,0.0,23.0,2.0,2.0
2020-08-01,TANQUINHO,19,1,190,210,15,0.13,7918.0,2652.18,0.0,29.0,2.0,1.0
2020-08-01,IPIRA,173,0,24,197,6,0.12,59595.0,330.56,0.0,15.0,3.0,1.0
2020-08-01,SANTALUZ,52,0,143,195,1,0.12,37348.0,522.12,0.0,8.0,4.0,3.0
2020-08-01,TEOFILANDIA,55,0,139,194,0,0.12,22518.0,861.53,0.0,8.0,1.0,0.0
2020-08-01,RUY BARBOSA,26,0,156,182,2,0.11,30814.0,590.64,0.0,16.0,2.0,1.0
2020-08-01,IRAQUARA,15,0,166,181,1,0.11,25216.0,717.8,0.0,12.0,0.0,0.0
2020-08-01,RETIROLANDIA,99,0,64,163,2,0.1,14396.0,1132.26,1.0,22.0,0.0,0.0
2020-08-01,SERRA PRETA,66,0,92,158,1,0.09,14878.0,1061.97,0.0,7.0,5.0,3.0
2020-08-01,RAFAEL JAMBEIRO,111,1,43,155,2,0.09,22621.0,685.2,0.0,5.0,1.0,0.0
2020-08-01,CORACAO DE MARIA,64,2,87,153,1,0.09,22605.0,676.84,0.0,17.0,1.0,0.0
2020-08-01,TUCANO,66,2,85,153,3,0.09,50687.0,301.85,0.0,37.0,1.0,0.0
2020-08-01,MONTE SANTO,44,0,105,149,1,0.09,49418.0,301.51,1.0,15.0,5.0,1.0
2020-08-01,SOUTO SOARES,7,0,124,131,1,0.08,16979.0,771.54,0.0,10.0,1.0,0.0
2020-08-01,IACU,66,0,57,123,1,0.07,24305.0,506.07,0.0,22.0,6.0,6.0
2020-08-01,TERRA NOVA,77,1,45,123,0,0.07,13033.0,943.76,0.0,8.0,1.0,0.0
2020-08-01,PINTADAS,58,0,51,109,0,0.07,10437.0,1044.36,0.0,5.0,1.0,0.0
2020-08-01,CANSANCAO,30,0,74,104,0,0.06,34834.0,298.56,2.0,5.0,2.0,1.0
2020-08-01,LENCOIS,8,0,93,101,0,0.06,11409.0,885.27,7.0,10.0,0.0,0.0
2020-08-01,CAPELA DO ALTO ALEGRE,69,1,28,98,1,0.06,11637.0,842.14,0.0,16.0,0.0,0.0
2020-08-01,SEABRA,50,0,42,92,0,0.06,44091.0,208.66,0.0,23.0,3.0,6.0
2020-08-01,NORDESTINA,23,1,62,86,7,0.05,13130.0,654.99,0.0,11.0,0.0,0.0
2020-08-01,EUCLIDES DA CUNHA,36,0,48,84,4,0.05,60585.0,138.65,0.0,1.0,5.0,3.0
2020-08-01,IRARA,46,0,30,76,1,0.05,29034.0,261.76,0.0,7.0,1.0,0.0
2020-08-01,SANTANOPOLI S,58,0,7,65,0,0.04,8943.0,726.83,1.0,0.0,0.0,0.0
2020-08-01,BARROCAS,43,0,21,64,0,0.04,15978.0,400.55,1.0,1.0,0.0,0.0
2020-08-01,ITAETE,3,0,54,57,0,0.03,16056.0,355.01,8.0,1.0,1.0,1.0
2020-08-01,AGUA FRIA,37,0,16,53,0,0.03,16970.0,312.32,0.0,1.0,1.0,0.0
2020-08-01,LAMARAO,33,0,19,52,0,0.03,8307.0,625.98,0.0,4.0,0.0,0.0
2020-08-01,IPECAETA,44,0,6,50,5,0.03,14487.0,345.14,0.0,4.0,2.0,1.0
2020-08-01,NOVA FATIMA,8,1,40,49,0,0.03,7812.0,627.24,0.0,2.0,1.0,0.0
2020-08-01,PE DE SERRA,5,0,44,49,1,0.03,13578.0,360.88,2.0,0.0,0.0,0.0
2020-08-01,ANGUERA,43,0,2,45,0,0.03,11221.0,401.03,2.0,1.0,0.0,0.0
2020-08-01,UTINGA,10,0,31,41,1,0.02,19178.0,213.79,0.0,21.0,2.0,2.0
2020-08-01,TEODORO SAMPAIO,22,0,15,37,1,0.02,7425.0,498.32,0.0,2.0,1.0,0.0
2020-08-01,ANTONIO CARDOSO,27,0,10,37,0,0.02,11683.0,316.7,0.0,2.0,0.0,0.0
2020-08-01,CANDEAL,28,0,7,35,2,0.02,8258.0,423.83,1.0,1.0,0.0,0.0
2020-08-01,QUIJINGUE,11,0,22,33,1,0.02,27580.0,119.65,6.0,0.0,1.0,0.0
2020-08-01,MUNDO NOVO,12,0,17,29,0,0.02,26776.0,108.31,0.0,13.0,0.0,1.0
2020-08-01,BIRITINGA,20,0,9,29,0,0.02,15979.0,181.49,0.0,2.0,0.0,0.0
2020-08-01,MUCUGE,7,3,18,28,1,0.02,9062.0,308.98,1.0,10.0,1.0,0.0
2020-08-01,MARCIONILIO SOUZA,23,0,4,27,0,0.02,10406.0,259.47,5.0,2.0,1.0,0.0
2020-08-01,BOA VISTA DO TUPIM,4,0,19,23,0,0.01,18576.0,123.82,2.0,8.0,0.0,0.0
2020-08-01,MACAJUBA,18,0,5,23,0,0.01,11348.0,202.68,0.0,2.0,0.0,0.0
2020-08-01,BONITO,10,0,10,20,0,0.01,16764.0,119.3,5.0,7.0,1.0,1.0
2020-08-01,ANDARAI,6,1,13,20,0,0.01,13143.0,152.17,0.0,9.0,0.0,0.0
2020-08-01,PALMEIRAS,1,0,15,16,0,0.01,9019.0,177.4,6.0,0.0,0.0,0.0
2020-08-01,PIATA,4,0,10,14,0,0.01,17123.0,81.76,3.0,0.0,0.0,0.0
2020-08-01,BAIXA GRANDE,8,0,4,12,0,0.01,20468.0,58.63,0.0,3.0,0.0,0.0
2020-08-01,SAO DOMINGOS,8,0,4,12,0,0.01,9058.0,132.48,46.0,1.0,0.0,0.0
2020-08-01,IBITIARA,3,0,6,9,0,0.01,16339.0,55.08,4.0,0.0,1.0,0.0
2020-08-01,NOVA REDENCAO,2,0,6,8,0,0.0,9118.0,87.74,0.0,3.0,0.0,0.0
2020-08-01,ABAIRA,3,2,2,7,1,0.0,8739.0,80.1,34.0,0.0,0.0,0.0
2020-08-01,BONINAL,0,0,6,6,0,0.0,14368.0,41.76,35.0,1.0,0.0,0.0
2020-08-01,LAJEDINHO,0,0,5,5,0,0.0,3783.0,132.17,1.0,0.0,0.0,0.0
2020-08-01,ICHU,2,0,2,4,0,0.0,6206.0,64.45,20.0,0.0,1.0,0.0
2020-08-01,WAGNER,0,0,3,3,0,0.0,9345.0,32.1,2.0,0.0,1.0,0.0
2020-08-01,IBIQUERA,1,0,0,1,0,0.0,4044.0,24.73,9.0,0.0,0.0,0.0
2020-08-01,TOTAL,11010,47,6589,17646,203,11.0,0.0,0.0,0.0,0.0,0.0,0.0
2020-08-01,IRECE,187,1,306,494,24,0.3,72967.0,677.02,0.0,41.0,8.0,11.0
2020-08-01,CAPIM GROSSO,118,0,347,465,2,0.28,30662.0,1516.54,0.0,44.0,4.0,2.0
2020-08-01,JACOBINA,63,0,275,338,0,0.2,80518.0,419.78,0.0,48.0,4.0,2.0
2020-08-01,JOAO DOURADO,10,0,159,169,5,0.1,25188.0,670.95,0.0,23.0,6.0,1.0
2020-08-01,GENTIO DO OURO,5,0,161,166,0,0.1,11233.0,1477.79,2.0,1.0,0.0,0.0
2020-08-01,UMBURANAS,9,2,116,127,3,0.08,19222.0,660.7,0.0,22.0,1.0,1.0
2020-08-01,CAFARNAUM,2,0,116,118,0,0.07,18437.0,640.02,0.0,8.0,0.0,0.0
2020-08-01,VARZEA DA ROCA,31,0,80,111,1,0.07,14104.0,787.01,0.0,38.0,1.0,1.0
2020-08-01,MAIRI,49,0,62,111,0,0.07,18676.0,594.35,1.0,6.0,0.0,0.0
2020-08-01,OUROLANDIA,6,1,90,97,4,0.06,17451.0,555.84,0.0,26.0,0.0,0.0
2020-08-01,AMERICA DOURADA,6,0,84,90,0,0.05,16094.0,559.21,3.0,9.0,0.0,0.0
2020-08-01,LAPAO,36,1,49,86,0,0.05,27223.0,315.91,1.0,11.0,1.0,0.0
2020-08-01,PRESIDENTE DUTRA,14,0,62,76,0,0.05,15142.0,501.92,2.0,0.0,0.0,0.0
2020-08-01,CALDEIRAO GRANDE,5,0,66,71,10,0.04,13327.0,532.75,0.0,6.0,1.0,1.0
2020-08-01,CANARANA,20,0,44,64,3,0.04,26176.0,244.5,0.0,3.0,1.0,0.0
2020-08-01,XIQUE-XIQUE,17,0,41,58,3,0.03,46483.0,124.78,1.0,3.0,1.0,0.0
2020-08-01,VARZEA NOVA,12,0,46,58,0,0.03,12697.0,456.8,0.0,5.0,0.0,0.0
2020-08-01,MIGUEL CALMON,14,0,39,53,1,0.03,26023.0,203.67,0.0,8.0,3.0,0.0
2020-08-01,TAPIRAMUTA,21,1,30,52,1,0.03,17010.0,305.7,0.0,19.0,0.0,0.0
2020-08-01,SAO GABRIEL,1,0,45,46,0,0.03,18793.0,244.77,0.0,5.0,0.0,0.0
2020-08-01,CAEM,7,0,38,45,0,0.03,9213.0,488.44,29.0,4.0,0.0,0.0
2020-08-01,SERROLANDIA,7,2,34,43,3,0.03,13397.0,320.97,0.0,10.0,0.0,0.0
2020-08-01,QUIXABEIRA,25,0,17,42,0,0.03,8972.0,468.12,0.0,6.0,0.0,0.0
2020-08-01,MORRO DO CHAPEU,12,0,18,30,0,0.02,35413.0,84.71,0.0,8.0,0.0,0.0
2020-08-01,SAO JOSE DO JACUIPE,3,0,26,29,0,0.02,10462.0,277.19,0.0,7.0,1.0,0.0
2020-08-01,PIRITIBA,13,0,12,25,0,0.02,24755.0,100.99,0.0,6.0,1.0,1.0
2020-08-01,MIRANGABA,13,0,10,23,0,0.01,18338.0,125.42,0.0,9.0,1.0,0.0
2020-08-01,JUSSARA,3,0,19,22,0,0.01,15284.0,143.94,1.0,0.0,0.0,0.0
2020-08-01,IBITITA,12,0,3,15,0,0.01,17113.0,87.65,1.0,3.0,1.0,0.0
2020-08-01,SAUDE,2,0,11,13,0,0.01,12913.0,100.67,0.0,2.0,0.0,0.0
2020-08-01,MULUNGU DO MORRO,3,0,9,12,0,0.01,10889.0,110.2,13.0,0.0,1.0,1.0
2020-08-01,CENTRAL,5,0,6,11,1,0.01,17266.0,63.71,1.0,1.0,0.0,0.0
2020-08-01,ITAGUACU DA BAHIA,1,1,8,10,1,0.01,14429.0,69.3,0.0,1.0,0.0,0.0
2020-08-01,BARRO ALTO,5,0,4,9,0,0.01,14931.0,60.28,8.0,0.0,0.0,0.0
2020-08-01,IBIPEBA,1,0,7,8,0,0.0,18211.0,43.93,6.0,0.0,0.0,0.0
2020-08-01,UIBAI,2,0,5,7,1,0.0,13887.0,50.41,17.0,0.0,1.0,0.0
2020-08-01,VARZEA DO POCO,6,0,1,7,0,0.0,9170.0,76.34,0.0,4.0,0.0,0.0
2020-08-01,BARRA DO MENDES,2,0,3,5,0,0.0,13865.0,36.06,7.0,0.0,0.0,0.0
2020-08-01,TOTAL,748,9,2449,3206,63,2.0,0.0,0.0,0.0,0.0,0.0,0.0
2020-08-01,TEIXEIRA DE FREITAS,468,17,1735,2220,8,1.33,160487.0,1383.29,0.0,46.0,47.0,61.0
2020-08-01,EUNAPOLIS,545,110,1228,1883,19,1.13,113380.0,1660.79,0.0,108.0,21.0,11.0
2020-08-01,PORTO SEGURO,498,17,1201,1716,13,1.03,148686.0,1154.11,0.0,126.0,12.0,19.0
2020-08-01,ITAMARAJU,164,79,976,1219,14,0.73,64486.0,1890.33,0.0,28.0,19.0,14.0
2020-08-01,MEDEIROS NETO,50,151,359,560,41,0.34,22688.0,2468.27,0.0,51.0,6.0,7.0
2020-08-01,MUCURI,96,24,248,368,0,0.22,41748.0,881.48,0.0,28.0,7.0,2.0
2020-08-01,ITABELA,148,54,148,350,6,0.21,30584.0,1144.39,0.0,37.0,5.0,2.0
2020-08-01,SANTA CRUZ CABRALIA,153,0,177,330,5,0.2,27778.0,1187.99,0.0,18.0,2.0,0.0
2020-08-01,NOVA VICOSA,131,10,156,297,4,0.18,43376.0,684.71,0.0,6.0,5.0,2.0
2020-08-01,PRADO,65,10,211,286,4,0.17,28174.0,1015.12,0.0,23.0,4.0,3.0
2020-08-01,ALCOBACA,25,85,154,264,0,0.16,22470.0,1174.9,0.0,11.0,2.0,1.0
2020-08-01,BELMONTE,80,0,165,245,0,0.15,23328.0,1050.24,0.0,13.0,1.0,0.0
2020-08-01,ITANHEM,26,37,131,194,0,0.12,19405.0,999.74,1.0,4.0,6.0,2.0
2020-08-01,GUARATINGA,97,1,85,183,5,0.11,20843.0,877.99,0.0,6.0,2.0,0.0
2020-08-01,CARAVELAS,50,17,77,144,0,0.09,22016.0,654.07,0.0,5.0,0.0,0.0
2020-08-01,ITAPEBI,109,0,14,123,0,0.07,10259.0,1198.95,0.0,5.0,4.0,2.0
2020-08-01,VEREDA,45,0,37,82,0,0.05,6205.0,1321.51,0.0,1.0,3.0,0.0
2020-08-01,IBIRAPUA,21,0,51,72,0,0.04,8637.0,833.62,1.0,3.0,2.0,0.0
2020-08-01,JUCURUCU,10,0,56,66,0,0.04,9126.0,723.21,0.0,13.0,0.0,0.0
2020-08-01,ITAGIMIRIM,40,0,9,49,0,0.03,6869.0,713.35,0.0,11.0,0.0,0.0
2020-08-01,LAJEDAO,12,9,4,25,0,0.02,3955.0,632.11,1.0,8.0,0.0,0.0
2020-08-01,TOTAL,2833,621,7222,10676,119,6.0,0.0,0.0,0.0,0.0,0.0,0.0
2020-08-01,SALVADOR,43055,726,13449,57230,40,34.35,2872347.0,1992.45,0.0,2198.0,0.0,57230.0
2020-08-01,LAURO DE FREITAS,2319,10,2088,4417,7,2.65,198440.0,2225.86,0.0,193.0,72.0,0.0
2020-08-01,CAMACARI,2084,111,1885,4080,31,2.45,299132.0,1363.95,0.0,262.0,0.0,46.0
2020-08-01,CANDEIAS,584,120,839,1543,5,0.93,87076.0,1772.02,0.0,108.0,0.0,15.0
2020-08-01,SIMOES FILHO,652,1,870,1523,3,0.91,134377.0,1133.38,0.0,53.0,51.0,27.0
2020-08-01,SANTO ANTONIO DE JESUS,841,5,496,1342,12,0.81,101512.0,1322.01,0.0,97.0,19.0,25.0
2020-08-01,DIAS DAVILA,572,51,333,956,2,0.57,81089.0,1178.95,0.0,89.0,18.0,3.0
2020-08-01,SAO SEBASTIAO DO PASSE,142,0,495,637,26,0.38,44300.0,1437.92,0.0,69.0,7.0,3.0
2020-08-01,SAO FRANCISCO DO CONDE,184,2,404,590,4,0.35,39802.0,1482.34,0.0,45.0,8.0,1.0
2020-08-01,SANTO AMARO,490,6,79,575,1,0.35,60069.0,957.23,0.0,58.0,9.0,0.0
2020-08-01,PRESIDENTE TANCREDO NEVES,67,10,495,572,6,0.34,27719.0,2063.57,0.0,16.0,10.0,6.0
2020-08-01,MADRE DE DEUS,303,2,242,547,2,0.33,21093.0,2593.28,0.0,56.0,3.0,0.0
2020-08-01,POJUCA,259,1,232,492,2,0.3,39519.0,1244.97,0.0,37.0,4.0,1.0
2020-08-01,CONCEICAO DA FEIRA,163,1,232,396,0,0.24,22581.0,1753.69,0.0,17.0,2.0,1.0
2020-08-01,CRUZ DAS ALMAS,284,0,97,381,3,0.23,63239.0,602.48,0.0,45.0,5.0,1.0
2020-08-01,MATA DE SAO JOAO,328,12,39,379,0,0.23,46583.0,813.6,0.0,41.0,3.0,0.0
2020-08-01,CACHOEIRA,267,0,29,296,0,0.18,33470.0,884.37,0.0,34.0,5.0,1.0
2020-08-01,MARAGOGIPE,188,0,105,293,16,0.18,44677.0,655.82,0.0,36.0,10.0,5.0
2020-08-01,CONCEICAO DO ALMEIDA,117,0,140,257,8,0.15,17247.0,1490.11,0.0,108.0,2.0,1.0
2020-08-01,NAZARE,159,1,96,256,0,0.15,28525.0,897.46,0.0,24.0,6.0,3.0
2020-08-01,ITAPARICA,104,0,147,251,5,0.15,22228.0,1129.21,0.0,31.0,7.0,4.0
2020-08-01,VERA CRUZ,189,0,52,241,1,0.14,43223.0,557.57,8.0,25.0,9.0,1.0
2020-08-01,CASTRO ALVES,23,28,151,202,6,0.12,26264.0,769.11,0.0,26.0,3.0,2.0
2020-08-01,AMARGOSA,124,8,67,199,2,0.12,37241.0,534.36,0.0,8.0,6.0,4.0
2020-08-01,SAO FELIPE,44,0,149,193,0,0.12,21074.0,915.82,0.0,17.0,1.0,2.0
2020-08-01,SAPEACU,86,0,88,174,4,0.1,17398.0,1000.11,0.0,32.0,0.0,0.0
2020-08-01,MURITIBA,121,0,40,161,1,0.1,29399.0,547.64,0.0,22.0,1.0,0.0
2020-08-01,JAGUARIPE,38,0,112,150,0,0.09,18788.0,798.38,0.0,31.0,2.0,0.0
2020-08-01,SALINAS DA MARGARIDA,41,0,102,143,0,0.09,15667.0,912.75,0.0,57.0,2.0,0.0
2020-08-01,CONDE,101,0,40,141,3,0.08,25837.0,545.73,0.0,22.0,4.0,1.0
2020-08-01,SAO FELIX,40,0,81,121,5,0.07,14740.0,820.9,0.0,47.0,1.0,3.0
2020-08-01,LAJE,33,4,70,107,2,0.06,23840.0,448.83,0.0,14.0,1.0,0.0
2020-08-01,MUTUIPE,35,4,51,90,2,0.05,22221.0,405.02,0.0,19.0,2.0,2.0
2020-08-01,GOVERNADOR MANGABEIRA,56,0,32,88,0,0.05,20722.0,424.67,1.0,7.0,1.0,0.0
2020-08-01,MILAGRES,25,0,51,76,1,0.05,10950.0,694.06,2.0,3.0,1.0,2.0
2020-08-01,ITATIM,32,5,32,69,3,0.04,14487.0,476.29,0.0,4.0,0.0,0.0
2020-08-01,MUNIZ FERREIRA,19,0,39,58,0,0.03,7422.0,781.46,0.0,4.0,3.0,0.0
2020-08-01,VARZEDO,36,6,7,49,0,0.03,8838.0,554.42,0.0,6.0,2.0,0.0
2020-08-01,SAUBARA,29,0,13,42,0,0.03,12043.0,348.75,7.0,1.0,3.0,0.0
2020-08-01,ELISIO MEDRADO,34,2,5,41,0,0.02,8122.0,504.8,2.0,5.0,0.0,0.0
2020-08-01,CABACEIRAS DO PARAGUACU,24,0,12,36,0,0.02,18807.0,191.42,0.0,0.0,1.0,0.0
2020-08-01,DOM MACEDO COSTA,15,0,20,35,0,0.02,4058.0,862.49,0.0,12.0,0.0,0.0
2020-08-01,ARATUIPE,15,0,20,35,0,0.02,8825.0,396.6,0.0,7.0,1.0,0.0
2020-08-01,SANTA TERESINHA,7,2,24,33,0,0.02,10405.0,317.16,1.0,0.0,2.0,2.0
2020-08-01,SAO MIGUEL DAS MATAS,15,1,11,27,2,0.02,11675.0,231.26,0.0,4.0,0.0,0.0
2020-08-01,UBAIRA,15,0,8,23,0,0.01,19895.0,115.61,1.0,2.0,2.0,0.0
2020-08-01,JIQUIRICA,20,0,2,22,0,0.01,14537.0,151.34,0.0,3.0,0.0,0.0
2020-08-01,NOVA ITARANA,3,0,13,16,1,0.01,8226.0,194.51,8.0,3.0,0.0,0.0
2020-08-01,TOTAL,54382,1119,24084,79585,206,48.0,0.0,0.0,0.0,0.0,0.0,0.0
2020-08-01,ALAGOINHAS,834,5,1232,2071,58,1.24,151596.0,1366.13,0.0,296.0,31.0,21.0
2020-08-01,CATU,388,0,468,856,8,0.51,54704.0,1564.79,0.0,75.0,6.0,1.0
2020-08-01,RIBEIRA DO POMBAL,345,5,38,388,0,0.23,53807.0,721.1,0.0,31.0,3.0,1.0
2020-08-01,ITAPICURU,20,0,296,316,25,0.19,35576.0,888.24,0.0,114.0,1.0,0.0
2020-08-01,NOVA SOURE,16,1,228,245,0,0.15,26947.0,909.19,0.0,23.0,0.0,0.0
2020-08-01,RIO REAL,90,0,153,243,2,0.15,40732.0,596.58,0.0,26.0,1.0,0.0
2020-08-01,ENTRE RIOS,57,21,103,181,1,0.11,41780.0,433.22,0.0,16.0,1.0,0.0
2020-08-01,ESPLANADA,28,12,125,165,3,0.1,37237.0,443.11,0.0,8.0,1.0,0.0
2020-08-01,JANDAIRA,25,1,139,165,0,0.1,10709.0,1540.76,0.0,17.0,1.0,0.0
2020-08-01,CORONEL JOAO SA,7,0,112,119,3,0.07,15895.0,748.66,0.0,7.0,0.0,0.0
2020-08-01,INHAMBUPE,41,0,76,117,1,0.07,39926.0,293.04,0.0,15.0,2.0,0.0
2020-08-01,CIPO,12,0,97,109,2,0.07,17300.0,630.06,1.0,2.0,0.0,0.0
2020-08-01,CRISOPOLIS,33,3,70,106,0,0.06,21103.0,502.3,0.0,18.0,1.0,0.0
2020-08-01,PARIPIRANGA,34,0,68,102,0,0.06,28989.0,351.86,0.0,18.0,1.0,0.0
2020-08-01,CICERO DANTAS,18,0,75,93,1,0.06,32515.0,286.02,1.0,5.0,1.0,0.0
2020-08-01,OLINDINA,8,0,82,90,16,0.05,28229.0,318.82,1.0,24.0,0.0,0.0
2020-08-01,ARAMARI,51,0,28,79,1,0.05,11397.0,693.16,0.0,12.0,0.0,0.0
2020-08-01,BANZAE,54,0,22,76,0,0.05,13229.0,574.5,0.0,5.0,0.0,0.0
2020-08-01,NOVO TRIUNFO,7,0,68,75,2,0.05,15440.0,485.75,0.0,23.0,0.0,0.0
2020-08-01,APORA,17,5,49,71,1,0.04,17731.0,400.43,2.0,18.0,2.0,1.0
2020-08-01,SITIO DO QUINTO,21,0,50,71,1,0.04,9986.0,711.0,0.0,9.0,0.0,0.0
2020-08-01,ACAJUTIBA,13,5,53,71,0,0.04,15159.0,468.37,0.0,4.0,0.0,0.0
2020-08-01,ACAJUTIBA,13,5,53,71,0,0.04,15159.0,468.37,0.0,2.0,0.0,0.0
2020-08-01,ANTAS,15,0,53,68,1,0.04,19291.0,352.5,0.0,15.0,0.0,0.0
2020-08-01,ADUSTINA,12,0,45,57,0,0.03,17040.0,334.51,0.0,2.0,1.0,0.0
2020-08-01,RIBEIRA DO AMPARO,5,0,48,53,1,0.03,14592.0,363.21,0.0,16.0,0.0,0.0
2020-08-01,FATIMA,19,0,34,53,0,0.03,17890.0,296.25,0.0,6.0,0.0,0.0
2020-08-01,ARACAS,27,0,11,38,0,0.02,12177.0,312.06,0.0,7.0,0.0,0.0
2020-08-01,HELIOPOLIS,10,0,22,32,0,0.02,13031.0,245.57,0.0,6.0,0.0,0.0
2020-08-01,SATIRO DIAS,23,0,9,32,0,0.02,17273.0,185.26,2.0,3.0,0.0,0.0
2020-08-01,OURICANGAS,19,0,6,25,0,0.02,8564.0,291.92,2.0,1.0,0.0,0.0
2020-08-01,CARDEAL DA SILVA,13,0,4,17,0,0.01,9295.0,182.89,4.0,4.0,1.0,1.0
2020-08-01,ITANAGRA,6,0,9,15,0,0.01,6441.0,232.88,2.0,3.0,1.0,0.0
2020-08-01,PEDRAO,1,0,10,11,0,0.01,7347.0,149.72,1.0,7.0,0.0,0.0
2020-08-01,TOTAL,2269,58,3883,6210,127,4.0,0.0,0.0,0.0,0.0,0.0,0.0
2020-08-01,JUAZEIRO,558,1,2307,2866,36,1.72,216707.0,1322.52,0.0,118.0,57.0,59.0
2020-08-01,CAMPO FORMOSO,108,0,532,640,6,0.38,71206.0,898.8,0.0,62.0,5.0,2.0
2020-08-01,PAULO AFONSO,262,1,169,432,3,0.26,117782.0,366.78,0.0,62.0,10.0,10.0
2020-08-01,PINDOBACU,65,0,322,387,41,0.23,20150.0,1920.6,0.0,87.0,4.0,2.0
2020-08-01,SOBRADINHO,36,0,290,326,0,0.2,23191.0,1405.72,1.0,21.0,11.0,3.0
2020-08-01,SENHOR DO BONFIM,90,0,207,297,0,0.18,79015.0,375.88,0.0,33.0,5.0,4.0
2020-08-01,FILADELFIA,49,0,245,294,1,0.18,16377.0,1795.2,0.0,13.0,2.0,1.0
2020-08-01,CASA NOVA,22,0,238,260,7,0.16,71969.0,361.27,0.0,22.0,7.0,2.0
2020-08-01,UAUA,59,2,197,258,8,0.15,24240.0,1064.36,0.0,29.0,3.0,0.0
2020-08-01,JAGUARARI,17,0,208,225,13,0.14,33570.0,670.24,0.0,36.0,2.0,1.0
2020-08-01,SENTO SE,16,0,178,194,3,0.12,40684.0,476.85,0.0,29.0,2.0,0.0
2020-08-01,CURACA,33,0,137,170,2,0.1,34700.0,489.91,0.0,18.0,1.0,0.0
2020-08-01,ANTONIO GONCALVES,37,0,80,117,0,0.07,11798.0,991.69,0.0,14.0,1.0,0.0
2020-08-01,MACURURE,9,6,86,101,0,0.06,7824.0,1290.9,1.0,1.0,1.0,0.0
2020-08-01,JEREMOABO,14,0,85,99,0,0.06,40463.0,244.67,1.0,11.0,0.0,0.0
2020-08-01,PONTO NOVO,61,0,25,86,0,0.05,14914.0,576.64,0.0,15.0,1.0,0.0
2020-08-01,CANUDOS,5,0,74,79,4,0.05,16668.0,473.96,0.0,1.0,2.0,1.0
2020-08-01,REMANSO,26,0,49,75,0,0.05,41008.0,182.89,0.0,12.0,3.0,17.0
2020-08-01,CAMPO ALEGRE DE LOURDES,17,0,58,75,0,0.05,28798.0,260.43,0.0,2.0,2.0,0.0
2020-08-01,PILAO ARCADO,21,0,49,70,1,0.04,35048.0,199.73,6.0,1.0,0.0,0.0
2020-08-01,SANTA BRIGIDA,12,0,43,55,0,0.03,14213.0,386.97,0.0,14.0,0.0,0.0
2020-08-01,GLORIA,20,0,27,47,0,0.03,15221.0,308.78,0.0,7.0,3.0,0.0
2020-08-01,ABARE,6,0,33,39,0,0.02,20086.0,194.17,0.0,12.0,0.0,0.0
2020-08-01,ITIUBA,16,1,20,37,0,0.02,36089.0,102.52,1.0,0.0,0.0,0.0
2020-08-01,ANDORINHA,11,0,19,30,0,0.02,14595.0,205.55,1.0,0.0,1.0,0.0
2020-08-01,PEDRO ALEXANDRE,5,0,25,30,0,0.02,16667.0,180.0,0.0,4.0,0.0,0.0
2020-08-01,RODELAS,6,0,6,12,0,0.01,9331.0,128.6,13.0,0.0,0.0,0.0
2020-08-01,CHORROCHO,3,0,6,9,0,0.01,11177.0,80.52,5.0,1.0,0.0,0.0
2020-08-01,TOTAL,1584,11,5715,7310,125,4.0,0.0,0.0,0.0,0.0,0.0,0.0
2020-08-01,BARREIRAS,957,3,689,1649,47,0.99,155439.0,1060.87,0.0,274.0,20.0,38.0
2020-08-01,LUIS EDUARDO MAGALHAES,467,2,557,1026,27,0.62,87519.0,1172.32,0.0,138.0,9.0,1.0
2020-08-01,SAO DESIDERIO,36,0,147,183,4,0.11,33742.0,542.35,0.0,13.0,1.0,0.0
2020-08-01,IBOTIRAMA,45,0,115,160,0,0.1,26927.0,594.2,1.0,18.0,4.0,1.0
2020-08-01,BOM JESUS DA LAPA,30,0,113,143,0,0.09,69148.0,206.8,0.0,29.0,0.0,0.0
2020-08-01,CORRENTINA,13,2,102,117,0,0.07,32137.0,364.07,0.0,6.0,0.0,0.0
2020-08-01,BARRA,18,0,78,96,1,0.06,53578.0,179.18,0.0,31.0,2.0,1.0
2020-08-01,RIACHAO DAS NEVES,39,1,46,86,2,0.05,22339.0,384.98,0.0,10.0,0.0,0.0
2020-08-01,BURITIRAMA,21,0,57,78,0,0.05,21174.0,368.38,0.0,4.0,1.0,0.0
2020-08-01,CORIBE,31,1,21,53,1,0.03,14194.0,373.4,0.0,13.0,1.0,0.0
2020-08-01,SANTA RITA DE CASSIA,12,0,40,52,1,0.03,28338.0,183.5,0.0,11.0,2.0,1.0
2020-08-01,CRISTOPOLIS,18,1,30,49,0,0.03,13910.0,352.26,1.0,5.0,0.0,0.0
2020-08-01,SANTA MARIA DA VITORIA,23,0,25,48,8,0.03,39845.0,120.47,0.0,4.0,1.0,1.0
2020-08-01,OLIVEIRA DOS BREJINHOS,17,0,31,48,0,0.03,21825.0,219.93,2.0,0.0,0.0,0.0
2020-08-01,MUQUEM DE SAO FRANCISCO,27,1,18,46,0,0.03,11348.0,405.36,1.0,5.0,0.0,0.0
2020-08-01,MANSIDAO,3,0,41,44,0,0.03,13643.0,322.51,0.0,1.0,1.0,0.0
2020-08-01,SAO FELIX DO CORIBE,12,6,21,39,1,0.02,15391.0,253.39,0.0,9.0,1.0,1.0
2020-08-01,COCOS,22,0,17,39,0,0.02,18777.0,207.7,0.0,16.0,0.0,0.0
2020-08-01,ANGICAL,10,2,18,30,0,0.02,13977.0,214.64,0.0,12.0,0.0,0.0
2020-08-01,MORPARA,11,0,18,29,0,0.02,8519.0,340.42,0.0,5.0,2.0,0.0
2020-08-01,PARATINGA,5,0,19,24,2,0.01,32000.0,75.0,1.0,1.0,0.0,0.0
2020-08-01,FORMOSA DO RIO PRETO,10,0,14,24,0,0.01,25591.0,93.78,0.0,7.0,0.0,0.0
2020-08-01,FEIRA DA MATA,17,1,0,18,0,0.01,5665.0,317.74,0.0,2.0,0.0,1.0
2020-08-01,COTEGIPE,6,0,10,16,0,0.01,13782.0,116.09,0.0,5.0,2.0,0.0
2020-08-01,JABORANDI,6,0,6,12,0,0.01,8385.0,143.11,2.0,2.0,0.0,1.0
2020-08-01,BAIANOPOLIS,6,0,4,10,0,0.01,13877.0,72.06,0.0,1.0,0.0,0.0
2020-08-01,CATOLANDIA,6,0,2,8,0,0.0,3577.0,223.65,1.0,2.0,0.0,0.0
2020-08-01,SERRA DO RAMALHO,7,0,1,8,0,0.0,31472.0,25.42,25.0,2.0,0.0,0.0
2020-08-01,SERRA DOURADA,3,0,2,5,0,0.0,17386.0,28.76,0.0,2.0,0.0,0.0
2020-08-01,WANDERLEY,4,0,1,5,0,0.0,12238.0,40.86,0.0,4.0,0.0,0.0
2020-08-01,TABOCAS DO BREJO VELHO,0,0,5,5,0,0.0,12518.0,39.94,35.0,0.0,0.0,0.0
2020-08-01,TOTAL,1882,20,2248,4150,94,2.0,0.0,0.0,0.0,0.0,0.0,0.0
2020-08-01,VITORIA DA CONQUISTA,966,3,1670,2639,24,1.58,338480.0,779.66,0.0,208.0,51.0,121.0
2020-08-01,ITAPETINGA,293,2,394,689,2,0.41,76147.0,904.83,0.0,49.0,18.0,8.0
2020-08-01,BRUMADO,285,10,204,499,1,0.3,67195.0,742.61,0.0,43.0,3.0,1.0
2020-08-01,POCOES,36,0,436,472,2,0.28,46871.0,1007.02,0.0,36.0,3.0,1.0
2020-08-01,IGUAI,49,25,277,351,1,0.21,26916.0,1304.06,0.0,7.0,10.0,4.0
2020-08-01,BARRA DO CHOCA,99,0,178,277,0,0.17,31603.0,876.5,0.0,10.0,2.0,2.0
2020-08-01,CANDIDO SALES,13,1,218,232,6,0.14,25189.0,921.04,0.0,15.0,5.0,3.0
2020-08-01,URANDI,11,0,172,183,0,0.11,16658.0,1098.57,0.0,19.0,2.0,0.0
2020-08-01,GUANAMBI,90,0,93,183,1,0.11,84481.0,216.62,0.0,19.0,0.0,0.0
2020-08-01,PLANALTO,10,0,143,153,1,0.09,26265.0,582.52,0.0,19.0,1.0,0.0
2020-08-01,MACARANI,90,1,54,145,4,0.09,18755.0,773.13,0.0,6.0,2.0,0.0
2020-08-01,IBICUI,27,0,115,142,16,0.09,16198.0,876.65,0.0,8.0,0.0,0.0
2020-08-01,PRESIDENTE JANIO QUADROS,13,0,125,138,5,0.08,12338.0,1118.5,0.0,41.0,1.0,0.0
2020-08-01,ITORORO,47,0,91,138,7,0.08,20382.0,677.07,0.0,27.0,3.0,0.0
2020-08-01,NOVA CANAA,18,0,98,116,0,0.07,16462.0,704.65,0.0,12.0,0.0,0.0
2020-08-01,ITARANTIM,16,0,99,115,2,0.07,19747.0,582.37,0.0,21.0,1.0,0.0
2020-08-01,CAATIBA,13,0,92,105,3,0.06,6758.0,1553.71,0.0,18.0,0.0,0.0
2020-08-01,ENCRUZILHAD A,8,1,88,97,1,0.06,17006.0,570.39,0.0,0.0,0.0,0.0
2020-08-01,POTIRAGUA,8,0,83,91,1,0.05,7224.0,1259.69,0.0,4.0,0.0,0.0
2020-08-01,CAETITE,23,0,56,79,1,0.05,50975.0,154.98,0.0,4.0,3.0,0.0
2020-08-01,ANAGE,9,1,55,65,2,0.04,22005.0,295.39,0.0,4.0,1.0,1.0
2020-08-01,ITAMBE,24,0,40,64,4,0.04,23049.0,277.67,1.0,11.0,0.0,0.0
2020-08-01,BOM JESUS DA SERRA,2,0,61,63,0,0.04,9880.0,637.65,0.0,2.0,0.0,0.0
2020-08-01,TREMEDAL,7,0,51,58,0,0.03,16394.0,353.79,0.0,16.0,1.0,0.0
2020-08-01,PIRIPA,15,0,40,55,0,0.03,10707.0,513.68,0.0,2.0,1.0,0.0
2020-08-01,RIACHO DE SANTANA,10,0,41,51,0,0.03,35421.0,143.98,2.0,0.0,0.0,0.0
2020-08-01,CARINHANHA,15,0,33,48,2,0.03,29018.0,165.41,0.0,15.0,2.0,0.0
2020-08-01,PALMAS DE MONTE ALTO,17,0,22,39,0,0.02,21750.0,179.31,3.0,4.0,0.0,0.0
2020-08-01,MAIQUINIQUE,4,1,29,34,0,0.02,10112.0,336.23,0.0,7.0,1.0,0.0
2020-08-01,CONDEUBA,21,0,12,33,0,0.02,17247.0,191.34,0.0,1.0,1.0,1.0
2020-08-01,LIVRAMENTO DE NOSSA SENHORA,16,0,15,31,0,0.02,45732.0,67.79,6.0,2.0,0.0,0.0
2020-08-01,FIRMINO ALVES,10,0,21,31,0,0.02,5617.0,551.9,5.0,2.0,0.0,0.0
2020-08-01,MAETINGA,8,0,18,26,0,0.02,3161.0,822.52,0.0,4.0,1.0,0.0
2020-08-01,MACAUBAS,7,0,18,25,0,0.02,49826.0,50.17,0.0,6.0,0.0,0.0
2020-08-01,ARACATU,9,0,14,23,0,0.01,13135.0,175.1,3.0,0.0,0.0,0.0
2020-08-01,MALHADA,3,0,19,22,0,0.01,16845.0,130.6,0.0,2.0,1.0,0.0
2020-08-01,MIRANTE,8,0,13,21,1,0.01,8641.0,243.03,2.0,2.0,1.0,0.0
2020-08-01,CANDIBA,6,0,14,20,0,0.01,14319.0,139.67,1.0,2.0,0.0,0.0
2020-08-01,CORDEIROS,7,0,13,20,0,0.01,8614.0,232.18,1.0,0.0,1.0,0.0
2020-08-01,RIO DO PIRES,4,0,15,19,0,0.01,11655.0,163.02,1.0,0.0,3.0,2.0
2020-08-01,BOQUIRA,12,0,7,19,1,0.01,21508.0,88.34,2.0,2.0,0.0,0.0
2020-08-01,RIO DE CONTAS,13,0,6,19,0,0.01,12989.0,146.28,0.0,8.0,0.0,0.0
2020-08-01,CONTENDAS DO SINCORA,0,0,17,17,5,0.01,4066.0,418.1,0.0,14.0,0.0,0.0
2020-08-01,PINDAI,1,0,16,17,0,0.01,16260.0,104.55,32.0,0.0,0.0,0.0
2020-08-01,DOM BASILIO,8,0,8,16,0,0.01,12199.0,131.16,0.0,5.0,0.0,0.0
2020-08-01,LICINIO DE ALMEIDA,3,0,13,16,1,0.01,12388.0,129.16,0.0,1.0,0.0,0.0
2020-08-01,IUIU,3,0,11,14,0,0.01,10994.0,127.34,0.0,5.0,0.0,0.0
2020-08-01,PARAMIRIM,6,0,7,13,0,0.01,21607.0,60.17,6.0,0.0,1.0,0.0
2020-08-01,MORTUGABA,3,0,10,13,0,0.01,12042.0,107.96,1.0,1.0,0.0,0.0
2020-08-01,IBIASSUCE,10,0,3,13,0,0.01,9224.0,140.94,8.0,1.0,0.0,0.0
2020-08-01,IGAPORA,10,0,3,13,0,0.01,15640.0,83.12,3.0,2.0,1.0,0.0
2020-08-01,RIO DO ANTONIO,6,0,7,13,0,0.01,15371.0,84.57,0.0,1.0,0.0,0.0
2020-08-01,RIBEIRAO DO LARGO,3,0,9,12,0,0.01,5812.0,206.47,6.0,1.0,0.0,0.0
2020-08-01,CAETANOS,7,0,5,12,0,0.01,14542.0,82.52,1.0,0.0,0.0,0.0
2020-08-01,CACULE,6,0,6,12,0,0.01,23170.0,51.79,2.0,0.0,0.0,0.0
2020-08-01,IBICOARA,1,0,10,11,0,0.01,19571.0,56.21,8.0,1.0,0.0,0.0
2020-08-01,IBIPITANGA,0,0,8,8,0,0.0,14902.0,53.68,16.0,0.0,0.0,0.0
2020-08-01,CARAIBAS,5,0,2,7,0,0.0,8951.0,78.2,29.0,0.0,0.0,0.0
2020-08-01,SEBASTIAO LARANJEIRAS,3,0,3,6,0,0.0,11434.0,52.48,2.0,1.0,0.0,0.0
2020-08-01,BARRA DA ESTIVA,2,0,4,6,1,0.0,20598.0,29.13,9.0,2.0,0.0,0.0
2020-08-01,ITUACU,3,0,3,6,0,0.0,18962.0,31.64,8.0,0.0,1.0,0.0
2020-08-01,MALHADA DE PEDRAS,4,0,0,4,0,0.0,8393.0,47.66,8.0,1.0,0.0,0.0
2020-08-01,BELO CAMPO,2,0,2,4,0,0.0,17211.0,23.24,0.0,0.0,0.0,0.0
2020-08-01,JUSSIAPE,3,0,1,4,0,0.0,6186.0,64.66,0.0,2.0,0.0,0.0
2020-08-01,TANHACU,3,0,0,3,0,0.0,20403.0,14.7,8.0,0.0,0.0,0.0
2020-08-01,MATINA,2,0,1,3,0,0.0,12201.0,24.59,5.0,0.0,0.0,0.0
2020-08-01,GUAJERU,1,0,2,3,0,0.0,6937.0,43.25,25.0,0.0,0.0,0.0
2020-08-01,BOTUPORA,2,0,1,3,0,0.0,10211.0,29.38,10.0,1.0,0.0,0.0
2020-08-01,JACARACI,2,0,0,2,0,0.0,14842.0,13.48,35.0,1.0,0.0,0.0
2020-08-01,LAGOA REAL,1,0,1,2,0,0.0,15665.0,12.77,0.0,1.0,0.0,0.0
2020-08-01,CATURAMA,0,0,1,1,0,0.0,9329.0,10.72,17.0,0.0,0.0,0.0
2020-08-01,TOTAL,2442,45,5397,7884,95,5.0,0.0,0.0,0.0,0.0,0.0,0.0
2020-08-01,ITABUNA,2798,47,2869,5714,134,3.43,213223.0,2679.82,0.0,495.0,119.0,164.0
2020-08-01,JEQUIE,1312,6,2033,3351,23,2.01,155966.0,2148.55,0.0,336.0,79.0,0.0
2020-08-01,ILHEUS,2460,18,548,3026,11,1.82,162327.0,1864.14,0.0,303.0,121.0,0.0
2020-08-01,IPIAU,399,2,1012,1413,8,0.85,45873.0,3080.24,0.0,95.0,0.0,0.0
2020-08-01,VALENCA,421,6,744,1171,14,0.7,96562.0,1212.69,0.0,45.0,37.0,27.0
2020-08-01,VALENCA,421,6,744,1171,14,0.7,96562.0,1212.69,0.0,45.0,37.0,1.0
2020-08-01,GANDU,478,1,687,1166,0,0.7,32403.0,3598.43,0.0,20.0,16.0,11.0
2020-08-01,JAGUAQUARA,143,0,922,1065,14,0.64,54423.0,1956.89,0.0,93.0,7.0,0.0
2020-08-01,CAMACAN,126,65,702,893,2,0.54,31988.0,2791.67,0.0,73.0,17.0,13.0
2020-08-01,ITAJUIPE,250,3,442,695,3,0.42,20491.0,3391.73,0.0,31.0,11.0,4.0
2020-08-01,CAMAMU,124,1,545,670,0,0.4,35316.0,1897.16,0.0,36.0,0.0,0.0
2020-08-01,UBATA,338,0,251,589,5,0.35,27035.0,2178.66,0.0,66.0,5.0,2.0
2020-08-01,WENCESLAU GUIMARAES,96,9,456,561,11,0.34,21101.0,2658.64,0.0,9.0,3.0,0.0
2020-08-01,URUCUCA,187,1,213,401,1,0.24,20519.0,1954.29,0.0,23.0,0.0,2.0
2020-08-01,DARIO MEIRA,18,0,370,388,1,0.23,10710.0,3622.78,0.0,15.0,4.0,0.0
2020-08-01,ITUBERA,45,1,334,380,2,0.23,28602.0,1328.58,0.0,18.0,8.0,7.0
2020-08-01,IBIRATAIA,124,1,231,356,9,0.21,15312.0,2324.97,0.0,97.0,2.0,2.0
2020-08-01,IBICARAI,165,16,129,310,0,0.19,21689.0,1429.3,0.0,21.0,4.0,1.0
2020-08-01,TAPEROA,93,32,177,302,3,0.18,21074.0,1433.05,0.0,26.0,3.0,0.0
2020-08-01,AURELINO LEAL,149,8,142,299,2,0.18,11531.0,2593.01,0.0,7.0,2.0,0.0
2020-08-01,PIRAI DO NORTE,94,6,181,281,1,0.17,10023.0,2803.55,0.0,21.0,2.0,1.0
2020-08-01,BUERAREMA,177,1,73,251,2,0.15,18349.0,1367.92,0.0,15.0,9.0,0.0
2020-08-01,IBIRAPITANGA,126,0,118,244,32,0.15,23375.0,1043.85,0.0,36.0,4.0,2.0
2020-08-01,ITAPE,112,27,104,243,1,0.15,8761.0,2773.66,0.0,34.0,2.0,0.0
2020-08-01,MARACAS,39,1,200,240,10,0.14,20834.0,1151.96,0.0,62.0,4.0,2.0
2020-08-01,ITACARE,222,1,12,235,0,0.14,28296.0,830.51,0.0,3.0,6.0,1.0
2020-08-01,UBAITABA,86,4,140,230,1,0.14,19056.0,1206.97,0.0,7.0,8.0,3.0
2020-08-01,ALMADINA,39,6,166,211,0,0.13,5464.0,3861.64,0.0,75.0,1.0,0.0
2020-08-01,MARAU,47,50,103,200,0,0.12,20570.0,972.29,0.0,12.0,3.0,0.0
2020-08-01,APUAREMA,23,0,164,187,0,0.11,7330.0,2551.16,0.0,10.0,0.0,0.0
2020-08-01,TEOLANDIA,39,1,138,178,0,0.11,14943.0,1191.19,0.0,7.0,0.0,0.0
2020-08-01,FLORESTA AZUL,92,12,68,172,0,0.1,10629.0,1618.21,0.0,6.0,2.0,0.0
2020-08-01,ITAGIBA,64,0,108,172,5,0.1,14579.0,1179.78,0.0,20.0,5.0,0.0
2020-08-01,JITAUNA,32,0,128,160,4,0.1,11166.0,1432.92,0.0,40.0,5.0,1.0
2020-08-01,NOVA IBIA,44,0,114,158,0,0.09,6591.0,2397.21,1.0,2.0,5.0,3.0
2020-08-01,MANOEL VITORINO,30,0,127,157,2,0.09,13240.0,1185.8,0.0,13.0,6.0,1.0
2020-08-01,NILO PECANHA,63,10,82,155,0,0.09,13997.0,1107.38,0.0,22.0,3.0,1.0
2020-08-01,COARACI,79,9,67,155,6,0.09,16993.0,912.14,0.0,9.0,5.0,0.0
2020-08-01,UNA,151,0,4,155,0,0.09,19002.0,815.7,2.0,4.0,2.0,0.0
2020-08-01,IGRAPIUNA,32,9,103,144,1,0.09,13226.0,1088.76,0.0,19.0,3.0,1.0
2020-08-01,BARRO PRETO,77,3,63,143,0,0.09,5591.0,2557.68,0.0,3.0,3.0,0.0
2020-08-01,SANTA LUZIA,92,0,43,135,1,0.08,12597.0,1071.68,2.0,10.0,2.0,2.0
2020-08-01,CAIRU,44,3,82,129,0,0.08,18176.0,709.73,0.0,7.0,3.0,0.0
2020-08-01,SAO JOSE DA VITORIA,33,13,64,110,2,0.07,5657.0,1944.49,0.0,13.0,1.0,0.0
2020-08-01,ITAMARI,8,0,101,109,4,0.07,8035.0,1356.57,0.0,11.0,1.0,0.0
2020-08-01,CANAVIEIRAS,83,0,24,107,0,0.06,31099.0,344.06,2.0,10.0,3.0,1.0
2020-08-01,AIQUARA,45,0,58,103,1,0.06,4446.0,2316.69,0.0,19.0,3.0,0.0
2020-08-01,AIQUARA,45,0,58,103,1,0.06,4446.0,2316.69,0.0,19.0,1.0,0.0
2020-08-01,ARATACA,48,0,49,97,0,0.06,11019.0,880.3,1.0,24.0,1.0,1.0
2020-08-01,ITAGI,26,0,46,72,0,0.04,12351.0,582.95,0.0,25.0,0.0,0.0
2020-08-01,PAU BRASIL,34,0,30,64,1,0.04,9831.0,651.0,1.0,7.0,4.0,0.0
2020-08-01,MASCOTE,35,1,20,56,1,0.03,13822.0,405.15,0.0,4.0,1.0,0.0
2020-08-01,JUSSARI,14,12,27,53,0,0.03,5833.0,908.62,0.0,2.0,1.0,0.0
2020-08-01,ITAJU DO COLONIA,24,0,21,45,0,0.03,6682.0,673.45,1.0,1.0,0.0,0.0
2020-08-01,ITAPITANGA,15,0,28,43,5,0.03,10313.0,416.95,0.0,21.0,1.0,0.0
2020-08-01,SANTA INES,10,0,30,40,0,0.02,10631.0,376.26,0.0,4.0,1.0,0.0
2020-08-01,ITIRUCU,22,0,12,34,0,0.02,12576.0,270.36,1.0,10.0,0.0,0.0
2020-08-01,LAJEDO DO TABOCAL,15,3,15,33,1,0.02,8562.0,385.42,1.0,2.0,0.0,0.0
2020-08-01,GONGOGI,15,2,15,32,1,0.02,7128.0,448.93,0.0,2.0,2.0,0.0
2020-08-01,LAFAIETE COUTINHO,9,0,23,32,0,0.02,3724.0,859.29,0.0,3.0,1.0,0.0
2020-08-01,BARRA DO ROCHA,13,0,14,27,0,0.02,5714.0,472.52,0.0,4.0,0.0,0.0
2020-08-01,IRAJUBA,2,0,24,26,0,0.02,7260.0,358.13,6.0,4.0,0.0,0.0
2020-08-01,BREJOES,5,0,17,22,0,0.01,14295.0,153.9,0.0,3.0,0.0,0.0
2020-08-01,BOA NOVA,6,0,14,20,0,0.01,12633.0,158.32,0.0,0.0,1.0,0.0
2020-08-01,SANTA CRUZ DA VITORIA,7,0,11,18,0,0.01,6315.0,285.04,0.0,1.0,1.0,0.0
2020-08-01,ITAQUARA,9,0,8,17,0,0.01,8319.0,204.35,5.0,1.0,0.0,0.0
2020-08-01,IRAMAIA,4,0,5,9,0,0.01,8537.0,105.42,10.0,0.0,0.0,0.0
2020-08-01,CRAVOLANDIA,4,0,4,8,0,0.0,5349.0,149.56,12.0,0.0,0.0,0.0
2020-08-01,PLANALTINO,1,0,2,3,0,0.0,9322.0,32.18,3.0,1.0,0.0,0.0
2020-08-01,TOTAL LPI/OUTROS ESTADOS,12017,391,15857,28265,325,17.0,0.0,0.0,0.0,0.0,0.0,0.0
2020-08-01,TOTAL,669,13,996,1678,959,1.0,0.0,0.0,0.0,0.0,0.0,0.0
